{
    "Type": {
        "2454565c-c0df-48a7-9dde-0953edb09225": "Author",
        "43c19a58-8713-4090-b51a-370bf911519c": "Collector",
        "c8a81cf8-140d-4baa-b5c8-4252c97f0fa4": "Creator",
        "fe50e9cf-5b17-48c0-9b32-ff10be50cf0c": "Editor",
        "68cd2ed2-a0e1-4397-a111-58476bb58d89": "Participant",
        "9e925fc6-7559-49d8-8191-18cb7b5824bb": "Publisher",
        "2aa2f32f-b057-4671-b2b0-cab14c012fce": "Surveyor"
    },
    "Resource to Resource Relationship Types": {
        "ac41d9be-79db-4256-b368-2f4559cfbe55": "is related to"
    }
}